Workbook

Sheet README
A1: Academy ERP — Excel (dynamic formulas)
A3: 1) COURSES: fill Course_Name, Hours_Per_Session (set once at start), Start_Date (first session), Weekday, Price_Per_4.
A4: 2) SESSIONS sheet auto-generates 1 session/week: Date = Start_Date + (Session#-1)*7. Change course start -> all dates update.
A5: 3) STUDENTS: fill Name, DOB (Age auto =DATEDIF), Phone, Course_Name (dropdown), Sub_Start. Rest is AUTO.
A6: 4) SUBSCRIPTION = pay every 4 sessions. Sub_End = Sub_Start + 21 days. +7 more if 1 excused absence used.
A7: Example: start 2026-09-07 -> end 2026-09-28. With 1 excused -> end 2026-10-05.
A8: 5) ATTENDANCE: log Student_Name + Session_Date + Status (Present/Excused/Counted). Only ONE Excused per student per course counts — second Excused is treated as Counted (see column E).
A9: 6) MONTHLY totals: Sessions!D month + Monthly_Hours COUNTIFS x Hours. DASHBOARD sums current month via SUMIFS + TODAY().
A10: 7) PAY: Students!L = Paid/Unpaid dropdown. Dashboard counts unpaid + expiring (Days_Left<=7).

Sheet Courses
A1: CourseID | B1: Course_Name | C1: Hours_Per_Session | D1: Start_Date | E1: Weekday | F1: Price_Per_4
A2: C1 | B2: English A1 | C2: 2 | D2: 46272 | E2: Monday | F2: 800
A3: C2 | B3: Math Kids | C3: 1.5 | D3: 46270 | E3: Saturday | F3: 600
A4: C3

Sheet Students
A1: ID | B1: Student_Name | C1: DOB | D1: Age_auto | E1: Phone | F1: Course_Name | G1: Sub_Start | H1: Hours_auto | I1: Excused_Used | J1: Sub_End_auto | K1: Days_Left_auto | L1: Pay_Status | M1: Present_Count | N1: Next_Due
A2: S1 | B2: Ahmed Ali | C2: 42073 | D2: =IF(C2="","",DATEDIF(C2,TODAY(),"Y")) | E2: 0100000001 | F2: English A1 | G2: 46272 | H2: =IF(F2="","",VLOOKUP(F2,Courses!$B:$C,2,FALSE)) | I2: =IF(B2="","",COUNTIFS(Attendance!$A:$A,B2,Attendance!$D:$D,"Excused")) | J2: =IF(G2="","",G2+21+7*(I2>=1)) | K2: =IF(J2="","",J2-TODAY()) | L2: Unpaid | M2: =IF(B2="","",COUNTIFS(Attendance!$A:$A,B2,Attendance!$D:$D,"Present")) | N2: =IF(J2="","",J2+7)
A3: S2 | B3: Sara Mohamed | C3: 41110 | D3: =IF(C3="","",DATEDIF(C3,TODAY(),"Y")) | E3: 0100000002 | F3: English A1 | G3: 46272 | H3: =IF(F3="","",VLOOKUP(F3,Courses!$B:$C,2,FALSE)) | I3: =IF(B3="","",COUNTIFS(Attendance!$A:$A,B3,Attendance!$D:$D,"Excused")) | J3: =IF(G3="","",G3+21+7*(I3>=1)) | K3: =IF(J3="","",J3-TODAY()) | L3: Unpaid | M3: =IF(B3="","",COUNTIFS(Attendance!$A:$A,B3,Attendance!$D:$D,"Present")) | N3: =IF(J3="","",J3+7)
A4: S3 | B4: Omar Khaled | C4: 42374 | D4: =IF(C4="","",DATEDIF(C4,TODAY(),"Y")) | E4: 0100000003 | F4: Math Kids | G4: 46270 | H4: =IF(F4="","",VLOOKUP(F4,Courses!$B:$C,2,FALSE)) | I4: =IF(B4="","",COUNTIFS(Attendance!$A:$A,B4,Attendance!$D:$D,"Excused")) | J4: =IF(G4="","",G4+21+7*(I4>=1)) | K4: =IF(J4="","",J4-TODAY()) | L4: Unpaid | M4: =IF(B4="","",COUNTIFS(Attendance!$A:$A,B4,Attendance!$D:$D,"Present")) | N4: =IF(J4="","",J4+7)
D5: =IF(C5="","",DATEDIF(C5,TODAY(),"Y")) | H5: =IF(F5="","",VLOOKUP(F5,Courses!$B:$C,2,FALSE)) | I5: =IF(B5="","",COUNTIFS(Attendance!$A:$A,B5,Attendance!$D:$D,"Excused")) | J5: =IF(G5="","",G5+21+7*(I5>=1)) | K5: =IF(J5="","",J5-TODAY()) | M5: =IF(B5="","",COUNTIFS(Attendance!$A:$A,B5,Attendance!$D:$D,"Present")) | N5: =IF(J5="","",J5+7)
D6: =IF(C6="","",DATEDIF(C6,TODAY(),"Y")) | H6: =IF(F6="","",VLOOKUP(F6,Courses!$B:$C,2,FALSE)) | I6: =IF(B6="","",COUNTIFS(Attendance!$A:$A,B6,Attendance!$D:$D,"Excused")) | J6: =IF(G6="","",G6+21+7*(I6>=1)) | K6: =IF(J6="","",J6-TODAY()) | M6: =IF(B6="","",COUNTIFS(Attendance!$A:$A,B6,Attendance!$D:$D,"Present")) | N6: =IF(J6="","",J6+7)
D7: =IF(C7="","",DATEDIF(C7,TODAY(),"Y")) | H7: =IF(F7="","",VLOOKUP(F7,Courses!$B:$C,2,FALSE)) | I7: =IF(B7="","",COUNTIFS(Attendance!$A:$A,B7,Attendance!$D:$D,"Excused")) | J7: =IF(G7="","",G7+21+7*(I7>=1)) | K7: =IF(J7="","",J7-TODAY()) | M7: =IF(B7="","",COUNTIFS(Attendance!$A:$A,B7,Attendance!$D:$D,"Present")) | N7: =IF(J7="","",J7+7)
D8: =IF(C8="","",DATEDIF(C8,TODAY(),"Y")) | H8: =IF(F8="","",VLOOKUP(F8,Courses!$B:$C,2,FALSE)) | I8: =IF(B8="","",COUNTIFS(Attendance!$A:$A,B8,Attendance!$D:$D,"Excused")) | J8: =IF(G8="","",G8+21+7*(I8>=1)) | K8: =IF(J8="","",J8-TODAY()) | M8: =IF(B8="","",COUNTIFS(Attendance!$A:$A,B8,Attendance!$D:$D,"Present")) | N8: =IF(J8="","",J8+7)
D9: =IF(C9="","",DATEDIF(C9,TODAY(),"Y")) | H9: =IF(F9="","",VLOOKUP(F9,Courses!$B:$C,2,FALSE)) | I9: =IF(B9="","",COUNTIFS(Attendance!$A:$A,B9,Attendance!$D:$D,"Excused")) | J9: =IF(G9="","",G9+21+7*(I9>=1)) | K9: =IF(J9="","",J9-TODAY()) | M9: =IF(B9="","",COUNTIFS(Attendance!$A:$A,B9,Attendance!$D:$D,"Present")) | N9: =IF(J9="","",J9+7)
D10: =IF(C10="","",DATEDIF(C10,TODAY(),"Y")) | H10: =IF(F10="","",VLOOKUP(F10,Courses!$B:$C,2,FALSE)) | I10: =IF(B10="","",COUNTIFS(Attendance!$A:$A,B10,Attendance!$D:$D,"Excused")) | J10: =IF(G10="","",G10+21+7*(I10>=1)) | K10: =IF(J10="","",J10-TODAY()) | M10: =IF(B10="","",COUNTIFS(Attendance!$A:$A,B10,Attendance!$D:$D,"Present")) | N10: =IF(J10="","",J10+7)
D11: =IF(C11="","",DATEDIF(C11,TODAY(),"Y")) | H11: =IF(F11="","",VLOOKUP(F11,Courses!$B:$C,2,FALSE)) | I11: =IF(B11="","",COUNTIFS(Attendance!$A:$A,B11,Attendance!$D:$D,"Excused")) | J11: =IF(G11="","",G11+21+7*(I11>=1)) | K11: =IF(J11="","",J11-TODAY()) | M11: =IF(B11="","",COUNTIFS(Attendance!$A:$A,B11,Attendance!$D:$D,"Present")) | N11: =IF(J11="","",J11+7)
D12: =IF(C12="","",DATEDIF(C12,TODAY(),"Y")) | H12: =IF(F12="","",VLOOKUP(F12,Courses!$B:$C,2,FALSE)) | I12: =IF(B12="","",COUNTIFS(Attendance!$A:$A,B12,Attendance!$D:$D,"Excused")) | J12: =IF(G12="","",G12+21+7*(I12>=1)) | K12: =IF(J12="","",J12-TODAY()) | M12: =IF(B12="","",COUNTIFS(Attendance!$A:$A,B12,Attendance!$D:$D,"Present")) | N12: =IF(J12="","",J12+7)
D13: =IF(C13="","",DATEDIF(C13,TODAY(),"Y")) | H13: =IF(F13="","",VLOOKUP(F13,Courses!$B:$C,2,FALSE)) | I13: =IF(B13="","",COUNTIFS(Attendance!$A:$A,B13,Attendance!$D:$D,"Excused")) | J13: =IF(G13="","",G13+21+7*(I13>=1)) | K13: =IF(J13="","",J13-TODAY()) | M13: =IF(B13="","",COUNTIFS(Attendance!$A:$A,B13,Attendance!$D:$D,"Present")) | N13: =IF(J13="","",J13+7)
D14: =IF(C14="","",DATEDIF(C14,TODAY(),"Y")) | H14: =IF(F14="","",VLOOKUP(F14,Courses!$B:$C,2,FALSE)) | I14: =IF(B14="","",COUNTIFS(Attendance!$A:$A,B14,Attendance!$D:$D,"Excused")) | J14: =IF(G14="","",G14+21+7*(I14>=1)) | K14: =IF(J14="","",J14-TODAY()) | M14: =IF(B14="","",COUNTIFS(Attendance!$A:$A,B14,Attendance!$D:$D,"Present")) | N14: =IF(J14="","",J14+7)
D15: =IF(C15="","",DATEDIF(C15,TODAY(),"Y")) | H15: =IF(F15="","",VLOOKUP(F15,Courses!$B:$C,2,FALSE)) | I15: =IF(B15="","",COUNTIFS(Attendance!$A:$A,B15,Attendance!$D:$D,"Excused")) | J15: =IF(G15="","",G15+21+7*(I15>=1)) | K15: =IF(J15="","",J15-TODAY()) | M15: =IF(B15="","",COUNTIFS(Attendance!$A:$A,B15,Attendance!$D:$D,"Present")) | N15: =IF(J15="","",J15+7)
D16: =IF(C16="","",DATEDIF(C16,TODAY(),"Y")) | H16: =IF(F16="","",VLOOKUP(F16,Courses!$B:$C,2,FALSE)) | I16: =IF(B16="","",COUNTIFS(Attendance!$A:$A,B16,Attendance!$D:$D,"Excused")) | J16: =IF(G16="","",G16+21+7*(I16>=1)) | K16: =IF(J16="","",J16-TODAY()) | M16: =IF(B16="","",COUNTIFS(Attendance!$A:$A,B16,Attendance!$D:$D,"Present")) | N16: =IF(J16="","",J16+7)
... D21: =IF(C21="","",DATEDIF(C21,TODAY(),"Y")) | H21: =IF(F21="","",VLOOKUP(F21,Courses!$B:$C,2,FALSE)) | I21: =IF(B21="","",COUNTIFS(Attendance!$A:$A,B21,Attendance!$D:$D,"Excused")) | J21: =IF(G21="","",G21+21+7*(I21>=1)) | K21: =IF(J21="","",J21-TODAY()) | M21: =IF(B21="","",COUNTIFS(Attendance!$A:$A,B21,Attendance!$D:$D,"Present")) | N21: =IF(J21="","",J21+7)

Sheet Sessions
A1: Course_Name | B1: Session_# | C1: Session_Date_auto | D1: Month_auto | E1: Hours_auto
A2: English A1 | B2: 1 | C2: =VLOOKUP(A2,Courses!$B:$D,3,FALSE)+(B2-1)*7 | D2: =IF(C2="","",TEXT(C2,"yyyy-mm")) | E2: =VLOOKUP(A2,Courses!$B:$C,2,FALSE)
A3: English A1 | B3: 2 | C3: =VLOOKUP(A3,Courses!$B:$D,3,FALSE)+(B3-1)*7 | D3: =IF(C3="","",TEXT(C3,"yyyy-mm")) | E3: =VLOOKUP(A3,Courses!$B:$C,2,FALSE)
A4: English A1 | B4: 3 | C4: =VLOOKUP(A4,Courses!$B:$D,3,FALSE)+(B4-1)*7 | D4: =IF(C4="","",TEXT(C4,"yyyy-mm")) | E4: =VLOOKUP(A4,Courses!$B:$C,2,FALSE)
A5: English A1 | B5: 4 | C5: =VLOOKUP(A5,Courses!$B:$D,3,FALSE)+(B5-1)*7 | D5: =IF(C5="","",TEXT(C5,"yyyy-mm")) | E5: =VLOOKUP(A5,Courses!$B:$C,2,FALSE)
A6: English A1 | B6: 5 | C6: =VLOOKUP(A6,Courses!$B:$D,3,FALSE)+(B6-1)*7 | D6: =IF(C6="","",TEXT(C6,"yyyy-mm")) | E6: =VLOOKUP(A6,Courses!$B:$C,2,FALSE)
A7: English A1 | B7: 6 | C7: =VLOOKUP(A7,Courses!$B:$D,3,FALSE)+(B7-1)*7 | D7: =IF(C7="","",TEXT(C7,"yyyy-mm")) | E7: =VLOOKUP(A7,Courses!$B:$C,2,FALSE)
A8: English A1 | B8: 7 | C8: =VLOOKUP(A8,Courses!$B:$D,3,FALSE)+(B8-1)*7 | D8: =IF(C8="","",TEXT(C8,"yyyy-mm")) | E8: =VLOOKUP(A8,Courses!$B:$C,2,FALSE)
A9: English A1 | B9: 8 | C9: =VLOOKUP(A9,Courses!$B:$D,3,FALSE)+(B9-1)*7 | D9: =IF(C9="","",TEXT(C9,"yyyy-mm")) | E9: =VLOOKUP(A9,Courses!$B:$C,2,FALSE)
A10: English A1 | B10: 9 | C10: =VLOOKUP(A10,Courses!$B:$D,3,FALSE)+(B10-1)*7 | D10: =IF(C10="","",TEXT(C10,"yyyy-mm")) | E10: =VLOOKUP(A10,Courses!$B:$C,2,FALSE)
A11: English A1 | B11: 10 | C11: =VLOOKUP(A11,Courses!$B:$D,3,FALSE)+(B11-1)*7 | D11: =IF(C11="","",TEXT(C11,"yyyy-mm")) | E11: =VLOOKUP(A11,Courses!$B:$C,2,FALSE)
A12: English A1 | B12: 11 | C12: =VLOOKUP(A12,Courses!$B:$D,3,FALSE)+(B12-1)*7 | D12: =IF(C12="","",TEXT(C12,"yyyy-mm")) | E12: =VLOOKUP(A12,Courses!$B:$C,2,FALSE)
A13: English A1 | B13: 12 | C13: =VLOOKUP(A13,Courses!$B:$D,3,FALSE)+(B13-1)*7 | D13: =IF(C13="","",TEXT(C13,"yyyy-mm")) | E13: =VLOOKUP(A13,Courses!$B:$C,2,FALSE)
... A61: Math Kids | B61: 30 | C61: =VLOOKUP(A61,Courses!$B:$D,3,FALSE)+(B61-1)*7 | D61: =IF(C61="","",TEXT(C61,"yyyy-mm")) | E61: =VLOOKUP(A61,Courses!$B:$C,2,FALSE)

Sheet Attendance
A1: Student_Name | B1: Session_Date | C1: Course_auto | D1: Status | E1: Counts_As_Used | F1: Note
A2: Ahmed Ali | B2: 46279 | C2: =IF(A2="","",VLOOKUP(A2,Students!$B:$F,5,FALSE)) | D2: Excused | E2: =IF(D2="Excused","NO (extends once)",IF(D2="","", "YES")) | F2: =IF(COUNTIFS($A$2:$A$31,A2,$D$2:$D$31,"Excused")>1,"WARNING: >1 Excused — extras count as used","")
A3: Sara Mohamed | B3: 46279 | C3: =IF(A3="","",VLOOKUP(A3,Students!$B:$F,5,FALSE)) | D3: Present | E3: =IF(D3="Excused","NO (extends once)",IF(D3="","", "YES")) | F3: =IF(COUNTIFS($A$2:$A$31,A3,$D$2:$D$31,"Excused")>1,"WARNING: >1 Excused — extras count as used","")
A4: Ahmed Ali | B4: 46286 | C4: =IF(A4="","",VLOOKUP(A4,Students!$B:$F,5,FALSE)) | D4: Counted | E4: =IF(D4="Excused","NO (extends once)",IF(D4="","", "YES")) | F4: =IF(COUNTIFS($A$2:$A$31,A4,$D$2:$D$31,"Excused")>1,"WARNING: >1 Excused — extras count as used","")
C5: =IF(A5="","",VLOOKUP(A5,Students!$B:$F,5,FALSE)) | E5: =IF(D5="Excused","NO (extends once)",IF(D5="","", "YES")) | F5: =IF(COUNTIFS($A$2:$A$31,A5,$D$2:$D$31,"Excused")>1,"WARNING: >1 Excused — extras count as used","")
C6: =IF(A6="","",VLOOKUP(A6,Students!$B:$F,5,FALSE)) | E6: =IF(D6="Excused","NO (extends once)",IF(D6="","", "YES")) | F6: =IF(COUNTIFS($A$2:$A$31,A6,$D$2:$D$31,"Excused")>1,"WARNING: >1 Excused — extras count as used","")
C7: =IF(A7="","",VLOOKUP(A7,Students!$B:$F,5,FALSE)) | E7: =IF(D7="Excused","NO (extends once)",IF(D7="","", "YES")) | F7: =IF(COUNTIFS($A$2:$A$31,A7,$D$2:$D$31,"Excused")>1,"WARNING: >1 Excused — extras count as used","")
C8: =IF(A8="","",VLOOKUP(A8,Students!$B:$F,5,FALSE)) | E8: =IF(D8="Excused","NO (extends once)",IF(D8="","", "YES")) | F8: =IF(COUNTIFS($A$2:$A$31,A8,$D$2:$D$31,"Excused")>1,"WARNING: >1 Excused — extras count as used","")
C9: =IF(A9="","",VLOOKUP(A9,Students!$B:$F,5,FALSE)) | E9: =IF(D9="Excused","NO (extends once)",IF(D9="","", "YES")) | F9: =IF(COUNTIFS($A$2:$A$31,A9,$D$2:$D$31,"Excused")>1,"WARNING: >1 Excused — extras count as used","")
C10: =IF(A10="","",VLOOKUP(A10,Students!$B:$F,5,FALSE)) | E10: =IF(D10="Excused","NO (extends once)",IF(D10="","", "YES")) | F10: =IF(COUNTIFS($A$2:$A$31,A10,$D$2:$D$31,"Excused")>1,"WARNING: >1 Excused — extras count as used","")
C11: =IF(A11="","",VLOOKUP(A11,Students!$B:$F,5,FALSE)) | E11: =IF(D11="Excused","NO (extends once)",IF(D11="","", "YES")) | F11: =IF(COUNTIFS($A$2:$A$31,A11,$D$2:$D$31,"Excused")>1,"WARNING: >1 Excused — extras count as used","")
C12: =IF(A12="","",VLOOKUP(A12,Students!$B:$F,5,FALSE)) | E12: =IF(D12="Excused","NO (extends once)",IF(D12="","", "YES")) | F12: =IF(COUNTIFS($A$2:$A$31,A12,$D$2:$D$31,"Excused")>1,"WARNING: >1 Excused — extras count as used","")
C13: =IF(A13="","",VLOOKUP(A13,Students!$B:$F,5,FALSE)) | E13: =IF(D13="Excused","NO (extends once)",IF(D13="","", "YES")) | F13: =IF(COUNTIFS($A$2:$A$31,A13,$D$2:$D$31,"Excused")>1,"WARNING: >1 Excused — extras count as used","")
C14: =IF(A14="","",VLOOKUP(A14,Students!$B:$F,5,FALSE)) | E14: =IF(D14="Excused","NO (extends once)",IF(D14="","", "YES")) | F14: =IF(COUNTIFS($A$2:$A$31,A14,$D$2:$D$31,"Excused")>1,"WARNING: >1 Excused — extras count as used","")
C15: =IF(A15="","",VLOOKUP(A15,Students!$B:$F,5,FALSE)) | E15: =IF(D15="Excused","NO (extends once)",IF(D15="","", "YES")) | F15: =IF(COUNTIFS($A$2:$A$31,A15,$D$2:$D$31,"Excused")>1,"WARNING: >1 Excused — extras count as used","")
C16: =IF(A16="","",VLOOKUP(A16,Students!$B:$F,5,FALSE)) | E16: =IF(D16="Excused","NO (extends once)",IF(D16="","", "YES")) | F16: =IF(COUNTIFS($A$2:$A$31,A16,$D$2:$D$31,"Excused")>1,"WARNING: >1 Excused — extras count as used","")
... C31: =IF(A31="","",VLOOKUP(A31,Students!$B:$F,5,FALSE)) | E31: =IF(D31="Excused","NO (extends once)",IF(D31="","", "YES")) | F31: =IF(COUNTIFS($A$2:$A$31,A31,$D$2:$D$31,"Excused")>1,"WARNING: >1 Excused — extras count as used","")

Sheet Monthly_Hours
A1: Course_Name | B1: Month_yyyy_mm | C1: Sessions_Count_auto | D1: Total_Hours_auto
A2: English A1 | B2: 2026-09 | C2: =IF(OR(A2="",B2=""),"",COUNTIFS(Sessions!$A:$A,A2,Sessions!$D:$D,B2)) | D2: =IF(OR(A2="",B2=""),"",C2*VLOOKUP(A2,Courses!$B:$C,2,FALSE))
A3: English A1 | B3: 2026-10 | C3: =IF(OR(A3="",B3=""),"",COUNTIFS(Sessions!$A:$A,A3,Sessions!$D:$D,B3)) | D3: =IF(OR(A3="",B3=""),"",C3*VLOOKUP(A3,Courses!$B:$C,2,FALSE))
A4: English A1 | B4: 2026-11 | C4: =IF(OR(A4="",B4=""),"",COUNTIFS(Sessions!$A:$A,A4,Sessions!$D:$D,B4)) | D4: =IF(OR(A4="",B4=""),"",C4*VLOOKUP(A4,Courses!$B:$C,2,FALSE))
A5: English A1 | B5: 2026-12 | C5: =IF(OR(A5="",B5=""),"",COUNTIFS(Sessions!$A:$A,A5,Sessions!$D:$D,B5)) | D5: =IF(OR(A5="",B5=""),"",C5*VLOOKUP(A5,Courses!$B:$C,2,FALSE))
A6: English A1 | B6: 2027-01 | C6: =IF(OR(A6="",B6=""),"",COUNTIFS(Sessions!$A:$A,A6,Sessions!$D:$D,B6)) | D6: =IF(OR(A6="",B6=""),"",C6*VLOOKUP(A6,Courses!$B:$C,2,FALSE))
A7: English A1 | B7: 2027-02 | C7: =IF(OR(A7="",B7=""),"",COUNTIFS(Sessions!$A:$A,A7,Sessions!$D:$D,B7)) | D7: =IF(OR(A7="",B7=""),"",C7*VLOOKUP(A7,Courses!$B:$C,2,FALSE))
A8: Math Kids | B8: 2026-09 | C8: =IF(OR(A8="",B8=""),"",COUNTIFS(Sessions!$A:$A,A8,Sessions!$D:$D,B8)) | D8: =IF(OR(A8="",B8=""),"",C8*VLOOKUP(A8,Courses!$B:$C,2,FALSE))
A9: Math Kids | B9: 2026-10 | C9: =IF(OR(A9="",B9=""),"",COUNTIFS(Sessions!$A:$A,A9,Sessions!$D:$D,B9)) | D9: =IF(OR(A9="",B9=""),"",C9*VLOOKUP(A9,Courses!$B:$C,2,FALSE))
A10: Math Kids | B10: 2026-11 | C10: =IF(OR(A10="",B10=""),"",COUNTIFS(Sessions!$A:$A,A10,Sessions!$D:$D,B10)) | D10: =IF(OR(A10="",B10=""),"",C10*VLOOKUP(A10,Courses!$B:$C,2,FALSE))
A11: Math Kids | B11: 2026-12 | C11: =IF(OR(A11="",B11=""),"",COUNTIFS(Sessions!$A:$A,A11,Sessions!$D:$D,B11)) | D11: =IF(OR(A11="",B11=""),"",C11*VLOOKUP(A11,Courses!$B:$C,2,FALSE))
A12: Math Kids | B12: 2027-01 | C12: =IF(OR(A12="",B12=""),"",COUNTIFS(Sessions!$A:$A,A12,Sessions!$D:$D,B12)) | D12: =IF(OR(A12="",B12=""),"",C12*VLOOKUP(A12,Courses!$B:$C,2,FALSE))
A13: Math Kids | B13: 2027-02 | C13: =IF(OR(A13="",B13=""),"",COUNTIFS(Sessions!$A:$A,A13,Sessions!$D:$D,B13)) | D13: =IF(OR(A13="",B13=""),"",C13*VLOOKUP(A13,Courses!$B:$C,2,FALSE))
C14: =IF(OR(A14="",B14=""),"",COUNTIFS(Sessions!$A:$A,A14,Sessions!$D:$D,B14)) | D14: =IF(OR(A14="",B14=""),"",C14*VLOOKUP(A14,Courses!$B:$C,2,FALSE))
C15: =IF(OR(A15="",B15=""),"",COUNTIFS(Sessions!$A:$A,A15,Sessions!$D:$D,B15)) | D15: =IF(OR(A15="",B15=""),"",C15*VLOOKUP(A15,Courses!$B:$C,2,FALSE))
C16: =IF(OR(A16="",B16=""),"",COUNTIFS(Sessions!$A:$A,A16,Sessions!$D:$D,B16)) | D16: =IF(OR(A16="",B16=""),"",C16*VLOOKUP(A16,Courses!$B:$C,2,FALSE))
C17: =IF(OR(A17="",B17=""),"",COUNTIFS(Sessions!$A:$A,A17,Sessions!$D:$D,B17)) | D17: =IF(OR(A17="",B17=""),"",C17*VLOOKUP(A17,Courses!$B:$C,2,FALSE))
C18: =IF(OR(A18="",B18=""),"",COUNTIFS(Sessions!$A:$A,A18,Sessions!$D:$D,B18)) | D18: =IF(OR(A18="",B18=""),"",C18*VLOOKUP(A18,Courses!$B:$C,2,FALSE))
C19: =IF(OR(A19="",B19=""),"",COUNTIFS(Sessions!$A:$A,A19,Sessions!$D:$D,B19)) | D19: =IF(OR(A19="",B19=""),"",C19*VLOOKUP(A19,Courses!$B:$C,2,FALSE))

Sheet Dashboard
A1: ACADEMY DASHBOARD (all live formulas)
A3: Total courses | B3: =COUNTA(Courses!B2:B50)
A4: Total students | B4: =COUNTA(Students!B2:B21)
A5: Hours this month (all courses) | B5: =SUMIFS(Monthly_Hours!D:D,Monthly_Hours!B:B,TEXT(TODAY(),"yyyy-mm"))
A6: Unpaid cycles | B6: =COUNTIF(Students!L:L,"Unpaid")
A7: Expiring in <=7 days (incl. expired) | B7: =COUNTIFS(Students!K:K,"<=7",Students!B:B,"<>")
A8: Excused absences logged | B8: =COUNTIF(Attendance!D:D,"Excused")
A9: Total sessions scheduled | B9: =COUNTA(Sessions!C:C)
A11: Expiring list (auto): students with Days_Left<=7
A12: Student | B12: Course | C12: Sub_End | D12: Days_Left | E12: Pay
A13: =IF(ROW()-12>COUNTA(Students!$B:$B),"",IF(INDEX(Students!$K:$K,ROW()-12+1)<=7,INDEX(Students!$B:$B,ROW()-12+1),"")) | B13: =IF(A13="","",VLOOKUP(A13,Students!$B:$F,5,FALSE)) | C13: =IF(A13="","",VLOOKUP(A13,Students!$B:$J,9,FALSE)) | D13: =IF(A13="","",VLOOKUP(A13,Students!$B:$K,10,FALSE)) | E13: =IF(A13="","",VLOOKUP(A13,Students!$B:$L,11,FALSE))
A14: =IF(ROW()-12>COUNTA(Students!$B:$B),"",IF(INDEX(Students!$K:$K,ROW()-12+1)<=7,INDEX(Students!$B:$B,ROW()-12+1),"")) | B14: =IF(A14="","",VLOOKUP(A14,Students!$B:$F,5,FALSE)) | C14: =IF(A14="","",VLOOKUP(A14,Students!$B:$J,9,FALSE)) | D14: =IF(A14="","",VLOOKUP(A14,Students!$B:$K,10,FALSE)) | E14: =IF(A14="","",VLOOKUP(A14,Students!$B:$L,11,FALSE))
A15: =IF(ROW()-12>COUNTA(Students!$B:$B),"",IF(INDEX(Students!$K:$K,ROW()-12+1)<=7,INDEX(Students!$B:$B,ROW()-12+1),"")) | B15: =IF(A15="","",VLOOKUP(A15,Students!$B:$F,5,FALSE)) | C15: =IF(A15="","",VLOOKUP(A15,Students!$B:$J,9,FALSE)) | D15: =IF(A15="","",VLOOKUP(A15,Students!$B:$K,10,FALSE)) | E15: =IF(A15="","",VLOOKUP(A15,Students!$B:$L,11,FALSE))
A16: =IF(ROW()-12>COUNTA(Students!$B:$B),"",IF(INDEX(Students!$K:$K,ROW()-12+1)<=7,INDEX(Students!$B:$B,ROW()-12+1),"")) | B16: =IF(A16="","",VLOOKUP(A16,Students!$B:$F,5,FALSE)) | C16: =IF(A16="","",VLOOKUP(A16,Students!$B:$J,9,FALSE)) | D16: =IF(A16="","",VLOOKUP(A16,Students!$B:$K,10,FALSE)) | E16: =IF(A16="","",VLOOKUP(A16,Students!$B:$L,11,FALSE))
A17: =IF(ROW()-12>COUNTA(Students!$B:$B),"",IF(INDEX(Students!$K:$K,ROW()-12+1)<=7,INDEX(Students!$B:$B,ROW()-12+1),"")) | B17: =IF(A17="","",VLOOKUP(A17,Students!$B:$F,5,FALSE)) | C17: =IF(A17="","",VLOOKUP(A17,Students!$B:$J,9,FALSE)) | D17: =IF(A17="","",VLOOKUP(A17,Students!$B:$K,10,FALSE)) | E17: =IF(A17="","",VLOOKUP(A17,Students!$B:$L,11,FALSE))
A18: =IF(ROW()-12>COUNTA(Students!$B:$B),"",IF(INDEX(Students!$K:$K,ROW()-12+1)<=7,INDEX(Students!$B:$B,ROW()-12+1),"")) | B18: =IF(A18="","",VLOOKUP(A18,Students!$B:$F,5,FALSE)) | C18: =IF(A18="","",VLOOKUP(A18,Students!$B:$J,9,FALSE)) | D18: =IF(A18="","",VLOOKUP(A18,Students!$B:$K,10,FALSE)) | E18: =IF(A18="","",VLOOKUP(A18,Students!$B:$L,11,FALSE))
A19: =IF(ROW()-12>COUNTA(Students!$B:$B),"",IF(INDEX(Students!$K:$K,ROW()-12+1)<=7,INDEX(Students!$B:$B,ROW()-12+1),"")) | B19: =IF(A19="","",VLOOKUP(A19,Students!$B:$F,5,FALSE)) | C19: =IF(A19="","",VLOOKUP(A19,Students!$B:$J,9,FALSE)) | D19: =IF(A19="","",VLOOKUP(A19,Students!$B:$K,10,FALSE)) | E19: =IF(A19="","",VLOOKUP(A19,Students!$B:$L,11,FALSE))
A20: =IF(ROW()-12>COUNTA(Students!$B:$B),"",IF(INDEX(Students!$K:$K,ROW()-12+1)<=7,INDEX(Students!$B:$B,ROW()-12+1),"")) | B20: =IF(A20="","",VLOOKUP(A20,Students!$B:$F,5,FALSE)) | C20: =IF(A20="","",VLOOKUP(A20,Students!$B:$J,9,FALSE)) | D20: =IF(A20="","",VLOOKUP(A20,Students!$B:$K,10,FALSE)) | E20: =IF(A20="","",VLOOKUP(A20,Students!$B:$L,11,FALSE))
A21: =IF(ROW()-12>COUNTA(Students!$B:$B),"",IF(INDEX(Students!$K:$K,ROW()-12+1)<=7,INDEX(Students!$B:$B,ROW()-12+1),"")) | B21: =IF(A21="","",VLOOKUP(A21,Students!$B:$F,5,FALSE)) | C21: =IF(A21="","",VLOOKUP(A21,Students!$B:$J,9,FALSE)) | D21: =IF(A21="","",VLOOKUP(A21,Students!$B:$K,10,FALSE)) | E21: =IF(A21="","",VLOOKUP(A21,Students!$B:$L,11,FALSE))
A22: =IF(ROW()-12>COUNTA(Students!$B:$B),"",IF(INDEX(Students!$K:$K,ROW()-12+1)<=7,INDEX(Students!$B:$B,ROW()-12+1),"")) | B22: =IF(A22="","",VLOOKUP(A22,Students!$B:$F,5,FALSE)) | C22: =IF(A22="","",VLOOKUP(A22,Students!$B:$J,9,FALSE)) | D22: =IF(A22="","",VLOOKUP(A22,Students!$B:$K,10,FALSE)) | E22: =IF(A22="","",VLOOKUP(A22,Students!$B:$L,11,FALSE))
A23: =IF(ROW()-12>COUNTA(Students!$B:$B),"",IF(INDEX(Students!$K:$K,ROW()-12+1)<=7,INDEX(Students!$B:$B,ROW()-12+1),"")) | B23: =IF(A23="","",VLOOKUP(A23,Students!$B:$F,5,FALSE)) | C23: =IF(A23="","",VLOOKUP(A23,Students!$B:$J,9,FALSE)) | D23: =IF(A23="","",VLOOKUP(A23,Students!$B:$K,10,FALSE)) | E23: =IF(A23="","",VLOOKUP(A23,Students!$B:$L,11,FALSE))
A24: =IF(ROW()-12>COUNTA(Students!$B:$B),"",IF(INDEX(Students!$K:$K,ROW()-12+1)<=7,INDEX(Students!$B:$B,ROW()-12+1),"")) | B24: =IF(A24="","",VLOOKUP(A24,Students!$B:$F,5,FALSE)) | C24: =IF(A24="","",VLOOKUP(A24,Students!$B:$J,9,FALSE)) | D24: =IF(A24="","",VLOOKUP(A24,Students!$B:$K,10,FALSE)) | E24: =IF(A24="","",VLOOKUP(A24,Students!$B:$L,11,FALSE))
... A27: =IF(ROW()-12>COUNTA(Students!$B:$B),"",IF(INDEX(Students!$K:$K,ROW()-12+1)<=7,INDEX(Students!$B:$B,ROW()-12+1),"")) | B27: =IF(A27="","",VLOOKUP(A27,Students!$B:$F,5,FALSE)) | C27: =IF(A27="","",VLOOKUP(A27,Students!$B:$J,9,FALSE)) | D27: =IF(A27="","",VLOOKUP(A27,Students!$B:$K,10,FALSE)) | E27: =IF(A27="","",VLOOKUP(A27,Students!$B:$L,11,FALSE))
